{
    "block_0": {
        "cloud_time_sec": 0.00024369708262383938,
        "edge_time_sec": 0.004873941652476788,
        "output_bytes": 16384
    },
    "block_1": {
        "cloud_time_sec": 0.0006061559543013573,
        "edge_time_sec": 0.012123119086027145,
        "output_bytes": 16384
    },
    "block_2": {
        "cloud_time_sec": 0.0006948320660740137,
        "edge_time_sec": 0.013896641321480274,
        "output_bytes": 8192
    },
    "block_3": {
        "cloud_time_sec": 0.0010928481351584196,
        "edge_time_sec": 0.021856962703168392,
        "output_bytes": 4096
    },
    "block_4": {
        "cloud_time_sec": 0.0012734713964164257,
        "edge_time_sec": 0.025469427928328514,
        "output_bytes": 2048
    }
}