{
    "block_0": {
        "cloud_time_sec": 0.0002460288815200329,
        "edge_time_sec": 0.0007380866445600986,
        "output_bytes": 16384
    },
    "block_1": {
        "cloud_time_sec": 0.0006080335006117821,
        "edge_time_sec": 0.0018241005018353462,
        "output_bytes": 16384
    },
    "block_2": {
        "cloud_time_sec": 0.0007450445555150509,
        "edge_time_sec": 0.0022351336665451527,
        "output_bytes": 8192
    },
    "block_3": {
        "cloud_time_sec": 0.0011301636695861816,
        "edge_time_sec": 0.003390491008758545,
        "output_bytes": 4096
    },
    "block_4": {
        "cloud_time_sec": 0.0013723245356231928,
        "edge_time_sec": 0.004116973606869578,
        "output_bytes": 2048
    }
}