{
    "block_0": {
        "cloud_time_sec": 0.00024406216107308865,
        "edge_time_sec": 0.024406216107308865,
        "output_bytes": 16384
    },
    "block_1": {
        "cloud_time_sec": 0.000613329466432333,
        "edge_time_sec": 0.0613329466432333,
        "output_bytes": 16384
    },
    "block_2": {
        "cloud_time_sec": 0.0007075404282659292,
        "edge_time_sec": 0.07075404282659292,
        "output_bytes": 8192
    },
    "block_3": {
        "cloud_time_sec": 0.0011366945691406727,
        "edge_time_sec": 0.11366945691406727,
        "output_bytes": 4096
    },
    "block_4": {
        "cloud_time_sec": 0.0013543074019253254,
        "edge_time_sec": 0.13543074019253254,
        "output_bytes": 2048
    }
}