{
    "block_0": {
        "cloud_time_sec": 0.00020427396520972252,
        "edge_time_sec": 0.0010213698260486126,
        "output_bytes": 16384
    },
    "block_1": {
        "cloud_time_sec": 0.0005224868655204773,
        "edge_time_sec": 0.0026124343276023865,
        "output_bytes": 16384
    },
    "block_2": {
        "cloud_time_sec": 0.0006063450127840042,
        "edge_time_sec": 0.003031725063920021,
        "output_bytes": 8192
    },
    "block_3": {
        "cloud_time_sec": 0.0009635710157454014,
        "edge_time_sec": 0.004817855078727007,
        "output_bytes": 4096
    },
    "block_4": {
        "cloud_time_sec": 0.0012698820792138577,
        "edge_time_sec": 0.006349410396069288,
        "output_bytes": 2048
    }
}