{
    "block_0": {
        "cloud_time_sec": 0.00024087540805339813,
        "edge_time_sec": 0.0007226262241601944,
        "output_bytes": 16384
    },
    "block_1": {
        "cloud_time_sec": 0.0006094009149819613,
        "edge_time_sec": 0.0018282027449458838,
        "output_bytes": 16384
    },
    "block_2": {
        "cloud_time_sec": 0.0007130394224077463,
        "edge_time_sec": 0.002139118267223239,
        "output_bytes": 8192
    },
    "block_3": {
        "cloud_time_sec": 0.001100154360756278,
        "edge_time_sec": 0.003300463082268834,
        "output_bytes": 4096
    },
    "block_4": {
        "cloud_time_sec": 0.0013634776696562767,
        "edge_time_sec": 0.00409043300896883,
        "output_bytes": 2048
    }
}