{
    "block_0": {
        "cloud_time_sec": 0.00023576198145747185,
        "edge_time_sec": 0.011788099072873592,
        "output_bytes": 16384
    },
    "block_1": {
        "cloud_time_sec": 0.0006088216323405504,
        "edge_time_sec": 0.03044108161702752,
        "output_bytes": 16384
    },
    "block_2": {
        "cloud_time_sec": 0.0006910255178809166,
        "edge_time_sec": 0.03455127589404583,
        "output_bytes": 8192
    },
    "block_3": {
        "cloud_time_sec": 0.0010822145268321037,
        "edge_time_sec": 0.054110726341605186,
        "output_bytes": 4096
    },
    "block_4": {
        "cloud_time_sec": 0.0013651754707098007,
        "edge_time_sec": 0.06825877353549004,
        "output_bytes": 2048
    }
}